account,sector,year_established,revenue,employees,office_location,subsidiary_of
Aldercroft Advisors,Financial services,1987,13.87,73,United States,
Aldercroft Associates,Professional services,1988,2751.17,9499,United States,
Aldercroft Capital,Financial services,1991,509.09,2230,United States,
Aldercroft Care,Healthcare,2006,764.19,2725,United States,
Aldercroft Cloud,Software,1968,941.3,2575,United Kingdom,
Aldercroft Data,Software,2015,31.98,136,United States,
Aldercroft Industries,Manufacturing,1984,23.56,79,United States,
Aldercroft Institute,Education,1991,127.14,428,Canada,
Aldercroft Lending,Financial services,1978,3968.67,12828,Germany,
Aldercroft Market,Retail,1987,286.43,1425,United States,
Aldercroft Medical,Healthcare,2012,84.72,376,Germany,
Aldercroft Outfitters,Retail,1966,10.86,37,United States,
Aldercroft Retail,Retail,1987,66.03,440,United States,
Aldercroft Software,Software,2013,580.44,2919,United Kingdom,Brightwater Group
Aldercroft Systems,Software,2002,15.59,77,United Kingdom,
Ashgrove Academy,Education,1982,1421.05,6035,United States,
Ashgrove Associates,Professional services,2005,1063.59,5008,United States,
Ashgrove Care,Healthcare,1989,9295.38,30101,United States,
Ashgrove Clinics,Healthcare,2002,34.59,175,United States,Northgate Holdings
Ashgrove Cloud,Software,2001,263.88,680,United Kingdom,
Ashgrove Communications,Telecommunications,1990,553.58,2380,Japan,
Ashgrove Consulting,Professional services,1967,6.26,39,United States,
Ashgrove Data,Software,1974,3558.11,9785,United States,
Ashgrove Diagnostics,Healthcare,1997,848.82,2841,Canada,
Ashgrove Fabrication,Manufacturing,1986,75.47,426,United Kingdom,
Ashgrove Financial,Financial services,2020,181.79,738,United States,
Ashgrove Goods,Retail,1995,110.33,304,Japan,
Ashgrove Health,Healthcare,2004,161.86,458,Canada,
Ashgrove Institute,Education,1978,1615.64,7130,United States,
Ashgrove Insurance,Financial services,2005,10.9,28,United States,
Ashgrove Labs,Software,1984,197.25,1438,Japan,
Ashgrove Lending,Financial services,1974,4.11,30,United States,
Ashgrove Medical,Healthcare,2012,18.53,69,Brazil,
Ashgrove Networks,Telecommunications,2012,2.52,19,Germany,
Ashgrove Outfitters,Retail,1971,473.33,1195,United States,
Ashgrove Schools,Education,2006,1030.38,5583,Brazil,
Ashgrove Software,Software,1971,153.71,674,United States,
Ashgrove Stores,Retail,1977,937.55,3890,Canada,
Ashgrove Systems,Software,1997,3175.87,13729,United States,
Beacon Academy,Education,1989,4365.54,14654,Canada,Tallis Industries
Beacon Advisors,Financial services,1999,8.7,42,United States,
Beacon Advisory,Professional services,2001,63.06,244,United States,
Beacon Associates,Professional services,1991,2378.14,8585,Germany,
Beacon Care,Healthcare,1982,348.13,1903,United States,
Beacon Cloud,Software,1998,4.93,29,Germany,
Beacon Data,Software,1997,41.27,264,United States,
Beacon Diagnostics,Healthcare,1988,1396.13,9655,United Kingdom,
Beacon Fabrication,Manufacturing,2003,7.18,29,United States,
Beacon Goods,Retail,1993,86.71,229,Australia,
Beacon Industries,Manufacturing,1968,194.67,698,United States,Keystone Partners
Beacon Insurance,Financial services,1973,20.68,73,United States,
Beacon Labs,Software,1985,6.64,27,United States,
Beacon Lending,Financial services,1991,67.01,302,United States,
Beacon Medical,Healthcare,2003,14.48,106,United States,
Beacon Retail,Retail,1976,5.87,19,United States,
Beacon Schools,Education,1991,8.16,26,Brazil,Brightwater Group
Beacon Software,Software,1984,14.69,45,United States,
Beacon Stores,Retail,1982,666.7,1965,United States,
Beacon Systems,Software,1998,27.26,83,Brazil,
Beacon Telecom,Telecommunications,1969,23.32,126,United States,Meridian Collective
Beacon Wireless,Telecommunications,2005,3428.17,8617,United States,
Bluestone Advisors,Financial services,2018,12193.19,33630,United States,Meridian Collective
Bluestone Associates,Professional services,1989,4642.43,38040,United States,Meridian Collective
Bluestone Capital,Financial services,2000,67.86,214,United States,
Bluestone Care,Healthcare,1966,792.82,2222,United States,Keystone Partners
Bluestone Clinics,Healthcare,1992,351.11,2376,United States,
Bluestone Components,Manufacturing,1988,105.39,561,United States,
Bluestone Data,Software,1967,159.79,477,United States,
Bluestone Education,Education,2012,65.75,323,United States,
Bluestone Fiber,Telecommunications,1973,6464.18,33868,United States,
Bluestone Group,Professional services,1979,211.2,559,United States,
Bluestone Industries,Manufacturing,1968,10.52,38,United States,
Bluestone Institute,Education,1986,405.04,2394,United Kingdom,
Bluestone Insurance,Financial services,2008,3.25,23,United Kingdom,
Bluestone Lending,Financial services,1968,12738.33,37373,United States,
Bluestone Outfitters,Retail,1985,1284.87,7072,Germany,
Bluestone Stores,Retail,1977,3.73,16,Canada,
Bluestone Systems,Software,1981,7867.47,26405,Canada,
Bluestone Works,Manufacturing,1992,8.9,60,United States,
Brackett Associates,Professional services,2014,8.5,23,Japan,
Brackett Care,Healthcare,1983,65.93,214,United Kingdom,
Brackett Clinics,Healthcare,2001,1714.99,13186,United Kingdom,
Brackett Cloud,Software,1992,376.94,1221,United States,
Brackett Diagnostics,Healthcare,1989,111.66,330,United States,Halvorsen Capital
Brackett Education,Education,2016,18.08,61,Germany,
Brackett Fiber,Telecommunications,1985,6.24,20,Canada,
Brackett Industries,Manufacturing,2014,92.34,338,United States,
Brackett Lending,Financial services,1995,707.14,2056,United States,Halvorsen Capital
Brackett Medical,Healthcare,1978,72.39,285,United States,
Brackett Networks,Telecommunications,1999,19.98,73,United States,
Brackett Partners,Professional services,2004,23.2,107,United States,
Brackett Software,Software,1980,3648.53,11729,United States,
Brackett Telecom,Telecommunications,2014,15.68,63,United States,
Brightline Academy,Education,2002,3.62,20,United States,
Brightline Advisors,Financial services,1982,599.42,1504,United States,
Brightline Associates,Professional services,1979,2018.86,8188,United States,
Brightline Care,Healthcare,1973,6560.36,31262,United States,Halvorsen Capital
Brightline Clinics,Healthcare,1971,7166.44,22985,Germany,
Brightline Cloud,Software,2020,16.6,125,Brazil,Brightwater Group
Brightline Consulting,Professional services,2008,6843.09,30527,United States,Tallis Industries
Brightline Goods,Retail,1978,9117.93,25168,United States,
Brightline Group,Professional services,2016,17.64,87,United States,
Brightline Health,Healthcare,2013,7.47,26,Japan,Northgate Holdings
Brightline Industries,Manufacturing,1974,395.76,1771,United States,
Brightline Labs,Software,1983,26.38,177,United States,
Brightline Manufacturing,Manufacturing,2012,4.04,22,United States,
Brightline Medical,Healthcare,1984,331.08,830,Japan,
Brightline Networks,Telecommunications,1983,98.76,394,United Kingdom,
Brightline Schools,Education,1973,246.46,674,Canada,
Brightline Software,Software,1969,14.67,114,Canada,
Brightline Stores,Retail,1998,9.96,55,Canada,
Brightline Systems,Software,2018,34.89,125,United States,
Calder Advisory,Professional services,2003,5222.88,13156,United States,
Calder Associates,Professional services,1986,7.98,54,United States,Tallis Industries
Calder Capital,Financial services,2012,6.55,45,Australia,Tallis Industries
Calder Clinics,Healthcare,2005,5768.82,22120,United States,Halvorsen Capital
Calder Cloud,Software,1969,6112.61,21556,United States,
Calder Consulting,Professional services,2011,952.79,4587,United States,
Calder Diagnostics,Healthcare,1971,16.27,53,United States,
Calder Fiber,Telecommunications,1991,60.87,230,United States,Brightwater Group
Calder Health,Healthcare,1969,1510.84,5865,United States,
Calder Lending,Financial services,2005,772.86,3369,United States,
Calder Manufacturing,Manufacturing,1981,70.21,530,United States,
Calder Market,Retail,2004,397.23,1498,United States,
Calder Medical,Healthcare,1976,2513.08,11203,United States,
Calder Networks,Telecommunications,1974,208.02,551,Canada,
Calder Outfitters,Retail,1974,12.76,35,United States,
Calder Partners,Professional services,2007,7.86,24,United States,Keystone Partners
Calder Retail,Retail,2015,247.65,709,United States,
Calder Software,Software,1984,8.72,54,United States,
Calder Systems,Software,2006,19.94,61,United States,Northgate Holdings
Calder Telecom,Telecommunications,1987,23.5,91,United States,
Cedar Advisors,Financial services,2010,195.01,601,United States,Northgate Holdings
Cedar Advisory,Professional services,2017,569.2,1462,United States,
Cedar Associates,Professional services,1982,85.47,223,Australia,
Cedar Cloud,Software,2001,2382.39,7407,United States,
Cedar Components,Manufacturing,1991,12.25,38,United States,
Cedar Consulting,Professional services,2018,31.93,94,United States,
Cedar Education,Education,1993,6250.98,22571,United Kingdom,Meridian Collective
Cedar Fabrication,Manufacturing,1990,18.86,54,United States,
Cedar Fiber,Telecommunications,1980,3952.61,19974,United States,
Cedar Financial,Financial services,2013,617.04,4121,United States,
Cedar Group,Professional services,1995,2793.21,16490,United States,
Cedar Industries,Manufacturing,2007,2123.42,17694,Canada,
Cedar Lending,Financial services,2006,2242.1,8707,United States,
Cedar Manufacturing,Manufacturing,2014,68.77,276,United States,
Cedar Networks,Telecommunications,1997,13.01,65,United States,
Cedar Partners,Professional services,1968,5.99,27,United States,
Cedar Retail,Retail,2019,1073.28,4093,Canada,
Cedar Schools,Education,2008,1461.27,9921,Australia,Tallis Industries
Cedar Software,Software,2014,5.39,24,Canada,Meridian Collective
Cedar Stores,Retail,2020,702.76,2418,United States,Halvorsen Capital
Cedar Systems,Software,1980,4.77,21,United States,
Cedar Wireless,Telecommunications,1973,103.94,592,United States,
Clearpath Advisors,Financial services,1990,7755.91,27667,United Kingdom,
Clearpath Advisory,Professional services,1986,26.58,86,United States,
Clearpath Capital,Financial services,1978,11156.42,35309,Japan,
Clearpath Cloud,Software,2019,4314.48,21758,United States,Keystone Partners
Clearpath Communications,Telecommunications,1967,1052.98,2990,United States,
Clearpath Components,Manufacturing,1970,16.06,72,Japan,
Clearpath Consulting,Professional services,2006,10.2,70,United States,
Clearpath Data,Software,2009,10797.97,31374,United States,
Clearpath Fiber,Telecommunications,2011,581.74,3186,United States,
Clearpath Group,Professional services,1997,8.49,29,Canada,
Clearpath Health,Healthcare,2018,10.88,60,United States,Brightwater Group
Clearpath Institute,Education,2014,7.67,28,United States,
Clearpath Labs,Software,1984,28.9,78,United States,
Clearpath Market,Retail,1971,938.65,3065,United States,
Clearpath Networks,Telecommunications,1999,99.61,290,United States,Northgate Holdings
Clearpath Outfitters,Retail,1985,4653.94,12462,Japan,
Clearpath Partners,Professional services,1968,108.07,625,United States,Halvorsen Capital
Clearpath Software,Software,2016,7088.67,22405,United States,
Clearpath Systems,Software,2013,3824.86,10754,United States,
Copperline Advisory,Professional services,2005,892.53,2537,United States,
Copperline Care,Healthcare,2008,95.57,757,Germany,
Copperline Clinics,Healthcare,2015,43.16,259,Australia,
Copperline Cloud,Software,1990,168.43,474,United States,
Copperline Components,Manufacturing,2010,1527.51,10766,United States,
Copperline Consulting,Professional services,1981,8358.01,25001,United States,
Copperline Goods,Retail,2002,95.13,367,United States,Keystone Partners
Copperline Group,Professional services,1999,2776.96,9744,United States,Brightwater Group
Copperline Institute,Education,1966,368.63,1614,United States,
Copperline Labs,Software,2018,3870.88,16648,Brazil,
Copperline Learning,Education,2004,4.84,32,United States,Tallis Industries
Copperline Lending,Financial services,1984,108.07,423,Australia,
Copperline Manufacturing,Manufacturing,1970,1581.15,6797,United States,Northgate Holdings
Copperline Medical,Healthcare,1983,28.57,118,United States,
Copperline Outfitters,Retail,2003,11.69,34,United States,
Copperline Partners,Professional services,2003,61.26,161,United Kingdom,Tallis Industries
Copperline Retail,Retail,2014,1747.11,14532,Australia,
Copperline Systems,Software,1966,2326.14,11274,United States,
Copperline Wireless,Telecommunications,2012,770.12,3407,United States,Northgate Holdings
Copperline Works,Manufacturing,2007,10.53,53,United States,
Driftwood Advisory,Professional services,2006,27.77,77,United Kingdom,
Driftwood Capital,Financial services,2001,73.09,305,United States,
Driftwood Care,Healthcare,2015,188.08,564,United Kingdom,
Driftwood Cloud,Software,1992,3.94,18,United States,
Driftwood Diagnostics,Healthcare,1978,3170.2,14463,United States,
Driftwood Fabrication,Manufacturing,1989,85.78,298,United States,
Driftwood Fiber,Telecommunications,1988,17.95,61,Canada,
Driftwood Group,Professional services,1986,7650.65,31307,Canada,
Driftwood Industries,Manufacturing,2006,43.87,115,United States,
Driftwood Medical,Healthcare,1997,232.91,603,United States,
Driftwood Networks,Telecommunications,2016,1367.99,4706,United States,Halvorsen Capital
Driftwood Outfitters,Retail,1990,2164.27,9681,United States,Tallis Industries
Driftwood Software,Software,1991,238.39,661,United States,
Driftwood Stores,Retail,2018,5134.58,13475,United States,
Driftwood Systems,Software,1998,6092.09,15374,United States,
Driftwood Works,Manufacturing,1982,3.92,20,United States,Tallis Industries
Dunmore Academy,Education,2013,333.81,1811,United States,
Dunmore Advisors,Financial services,1973,3.69,23,United States,
Dunmore Capital,Financial services,1981,2582.54,7842,United States,
Dunmore Care,Healthcare,1996,49.27,155,Canada,
Dunmore Financial,Financial services,1965,3.01,23,United States,
Dunmore Industries,Manufacturing,1972,10.53,40,Canada,
Dunmore Labs,Software,2013,32.85,85,United States,
Dunmore Manufacturing,Manufacturing,1990,13.94,94,United States,Northgate Holdings
Dunmore Market,Retail,1974,5113.72,37645,United States,
Dunmore Software,Software,2007,14.39,65,United States,
Dunmore Systems,Software,1990,397.62,1109,United States,
Everly Advisors,Financial services,2002,147.71,453,United States,Brightwater Group
Everly Associates,Professional services,2008,6.16,19,United States,
Everly Care,Healthcare,1982,8.01,65,United States,Meridian Collective
Everly Cloud,Software,2018,584.78,4729,United Kingdom,
Everly Communications,Telecommunications,2019,1637.25,7516,United States,Brightwater Group
Everly Components,Manufacturing,2007,15.36,58,United States,Tallis Industries
Everly Education,Education,1979,988.25,7136,Japan,
Everly Fabrication,Manufacturing,1973,863.42,2376,United States,
Everly Goods,Retail,2007,58.49,319,United States,
Everly Lending,Financial services,1999,862.68,4901,United States,Meridian Collective
Everly Manufacturing,Manufacturing,1984,9.97,29,Japan,
Everly Market,Retail,1976,738.79,4320,Canada,Halvorsen Capital
Everly Medical,Healthcare,1973,3.43,25,United States,
Everly Outfitters,Retail,1978,322.34,815,United States,Keystone Partners
Everly Retail,Retail,2019,59.37,167,United States,
Everly Schools,Education,1986,6.62,39,United States,
Everly Stores,Retail,1980,11.4,36,United States,Northgate Holdings
Everly Systems,Software,1992,1673.25,10457,United States,
Everly Works,Manufacturing,1978,5525.93,24955,Canada,
Fairhaven Advisors,Financial services,2008,1141.34,6030,United States,
Fairhaven Advisory,Professional services,1978,512.16,1376,United Kingdom,Meridian Collective
Fairhaven Consulting,Professional services,1969,79.79,212,United Kingdom,
Fairhaven Diagnostics,Healthcare,1975,143.63,660,United States,
Fairhaven Financial,Financial services,1977,6.61,19,Australia,
Fairhaven Goods,Retail,2011,83.57,409,United States,
Fairhaven Health,Healthcare,2018,1140.18,5878,United States,Northgate Holdings
Fairhaven Industries,Manufacturing,1968,155.61,906,Germany,Brightwater Group
Fairhaven Institute,Education,1988,23.19,81,United States,Tallis Industries
Fairhaven Insurance,Financial services,1968,8.27,39,United States,
Fairhaven Labs,Software,2011,581.94,1611,Australia,
Fairhaven Learning,Education,1985,1561.07,4083,United States,
Fairhaven Market,Retail,1990,51.53,145,United Kingdom,Northgate Holdings
Fairhaven Medical,Healthcare,2006,1147.78,3630,United States,
Fairhaven Outfitters,Retail,2018,9.11,68,Germany,
Fairhaven Schools,Education,1966,52.65,383,United States,
Fairhaven Software,Software,1990,144.5,764,United States,
Fairhaven Stores,Retail,1997,11.86,39,United States,
Fairhaven Systems,Software,1989,2553.09,9622,United States,
Fairhaven Telecom,Telecommunications,2001,28.15,82,United States,
Glenmore Clinics,Healthcare,2010,12.92,39,United States,
Glenmore Cloud,Software,1979,6.32,20,United States,
Glenmore Consulting,Professional services,1992,246.24,1091,United States,
Glenmore Data,Software,1977,60.85,480,Canada,
Glenmore Diagnostics,Healthcare,1966,127.33,520,United States,
Glenmore Fabrication,Manufacturing,1995,550.97,2412,United States,
Glenmore Financial,Financial services,1993,36.93,129,Germany,
Glenmore Industries,Manufacturing,1986,151.7,649,Germany,
Glenmore Lending,Financial services,1996,24.92,71,United States,
Glenmore Manufacturing,Manufacturing,1974,24.25,153,United States,
Glenmore Outfitters,Retail,2010,23.94,84,United Kingdom,
Glenmore Retail,Retail,1999,118.04,925,United States,
Glenmore Software,Software,1996,8730.7,36361,Australia,
Glenmore Wireless,Telecommunications,1982,1397.59,4220,United States,
Glenmore Works,Manufacturing,1967,8.71,69,United States,
Granite Clinics,Healthcare,2012,4330.56,13896,Germany,
Granite Cloud,Software,2016,36.93,188,United States,Keystone Partners
Granite Components,Manufacturing,1971,80.71,273,United States,
Granite Diagnostics,Healthcare,1970,5.49,22,United States,
Granite Financial,Financial services,2010,4.9,32,United States,
Granite Goods,Retail,1976,8.37,63,United States,
Granite Group,Professional services,1975,388.86,1821,United States,
Granite Health,Healthcare,1974,283.79,1193,United States,
Granite Insurance,Financial services,1987,169.58,463,United States,
Granite Lending,Financial services,2005,13.06,77,United States,
Granite Market,Retail,2016,144.03,371,United States,
Granite Medical,Healthcare,1977,7.03,49,United States,
Granite Networks,Telecommunications,2019,273.0,1769,United States,Halvorsen Capital
Granite Outfitters,Retail,1974,24.05,63,Canada,Brightwater Group
Granite Partners,Professional services,1989,91.31,290,United States,
Granite Retail,Retail,2000,165.44,712,United States,
Granite Schools,Education,1967,68.16,225,United States,
Granite Software,Software,1998,164.43,537,United States,
Granite Systems,Software,1972,863.59,4819,Canada,
Granite Wireless,Telecommunications,1986,62.97,496,United States,Halvorsen Capital
Halcyon Academy,Education,2007,8.17,54,United States,
Halcyon Advisory,Professional services,1980,64.85,301,Brazil,
Halcyon Associates,Professional services,1993,2119.66,9315,Canada,
Halcyon Care,Healthcare,1987,9.16,60,United States,
Halcyon Cloud,Software,2012,5591.31,26869,United States,Meridian Collective
Halcyon Communications,Telecommunications,1995,11.45,32,United States,
Halcyon Components,Manufacturing,1987,152.36,554,Canada,
Halcyon Data,Software,2007,27.56,78,United States,Northgate Holdings
Halcyon Diagnostics,Healthcare,1973,13.12,38,United States,
Halcyon Fabrication,Manufacturing,1971,3556.53,12822,United States,
Halcyon Goods,Retail,1980,17.17,74,United States,
Halcyon Health,Healthcare,1970,122.55,650,United States,
Halcyon Labs,Software,2009,20.98,74,Canada,Brightwater Group
Halcyon Lending,Financial services,1998,26.69,214,United States,
Halcyon Manufacturing,Manufacturing,2016,2369.78,8294,United States,
Halcyon Market,Retail,1972,2944.88,9329,United Kingdom,
Halcyon Medical,Healthcare,1972,51.17,228,United States,
Halcyon Outfitters,Retail,1989,11612.04,36402,Canada,
Halcyon Retail,Retail,1977,122.05,386,Germany,Brightwater Group
Halcyon Schools,Education,1997,814.48,6075,United States,Tallis Industries
Halcyon Software,Software,1997,15.95,57,United States,
Halcyon Stores,Retail,1991,30.91,193,Canada,
Halcyon Wireless,Telecommunications,2000,5.52,16,Germany,
Halcyon Works,Manufacturing,2007,455.88,2677,United States,
Harbor Academy,Education,1974,54.02,185,United States,
Harbor Cloud,Software,1973,2233.98,15128,United States,
Harbor Diagnostics,Healthcare,2013,4515.77,16111,United States,
Harbor Education,Education,1982,16.46,106,Japan,
Harbor Fiber,Telecommunications,2018,31.74,162,United States,Northgate Holdings
Harbor Financial,Financial services,1995,8232.84,22154,United States,
Harbor Health,Healthcare,2008,6.32,18,United States,
Harbor Insurance,Financial services,1994,479.48,1917,United States,
Harbor Labs,Software,1997,16.28,128,United States,
Harbor Learning,Education,1979,10.04,65,United States,Keystone Partners
Harbor Lending,Financial services,1973,10.24,85,United Kingdom,
Harbor Manufacturing,Manufacturing,1980,1982.15,8888,Canada,
Harbor Outfitters,Retail,2008,322.88,868,United States,
Harbor Partners,Professional services,2014,6.95,25,United States,
Harbor Stores,Retail,1994,75.61,294,United States,
Harbor Systems,Software,1991,114.42,658,United States,
Harbor Telecom,Telecommunications,1999,44.14,315,United Kingdom,
Harbor Works,Manufacturing,1972,289.85,1950,United States,
Highpoint Clinics,Healthcare,1995,2.77,21,United States,
Highpoint Communications,Telecommunications,2005,366.36,1301,Canada,
Highpoint Consulting,Professional services,1969,345.65,2862,United States,
Highpoint Diagnostics,Healthcare,1972,6156.33,16055,Brazil,
Highpoint Fiber,Telecommunications,1975,166.56,486,United States,Northgate Holdings
Highpoint Financial,Financial services,1999,6840.52,19315,United States,
Highpoint Group,Professional services,2015,262.38,2005,United States,
Highpoint Health,Healthcare,1965,2144.5,6386,Germany,
Highpoint Industries,Manufacturing,1979,912.17,3572,United States,
Highpoint Insurance,Financial services,1967,2220.69,15421,United States,
Highpoint Learning,Education,1973,1510.38,4043,United States,
Highpoint Manufacturing,Manufacturing,2002,15.47,40,United States,
Highpoint Market,Retail,1977,3071.6,8179,United Kingdom,
Highpoint Networks,Telecommunications,1993,28.58,131,United States,Keystone Partners
Highpoint Outfitters,Retail,1985,7839.7,26176,United States,
Highpoint Partners,Professional services,2018,75.32,565,United States,
Highpoint Retail,Retail,1981,14616.46,36680,United States,
Highpoint Software,Software,1974,5.06,30,United States,
Highpoint Works,Manufacturing,1986,6.31,21,United States,
Ironvale Advisory,Professional services,2016,68.97,246,United States,
Ironvale Associates,Professional services,1988,67.78,233,United States,
Ironvale Care,Healthcare,1978,84.16,297,United States,
Ironvale Clinics,Healthcare,2002,2067.85,8363,United States,
Ironvale Cloud,Software,1977,32.1,83,United States,
Ironvale Communications,Telecommunications,1996,375.66,1903,United Kingdom,
Ironvale Components,Manufacturing,1994,21.23,104,Australia,
Ironvale Data,Software,2010,1974.39,13055,United States,
Ironvale Diagnostics,Healthcare,2014,10285.86,30450,United States,Tallis Industries
Ironvale Financial,Financial services,2001,334.49,2015,United Kingdom,Keystone Partners
Ironvale Group,Professional services,1984,130.19,351,United States,
Ironvale Health,Healthcare,1966,54.44,258,United States,
Ironvale Industries,Manufacturing,1967,491.61,2366,United States,
Ironvale Labs,Software,1982,2.01,16,United States,
Ironvale Lending,Financial services,1971,21.37,63,Japan,
Ironvale Market,Retail,1975,10.34,39,United States,
Ironvale Medical,Healthcare,1991,6404.42,27239,United Kingdom,
Ironvale Retail,Retail,1987,4.89,20,United Kingdom,
Ironvale Telecom,Telecommunications,1975,3088.63,11369,United States,
Ironvale Works,Manufacturing,2013,641.29,2002,United States,
Juniper Clinics,Healthcare,1997,4021.77,15741,United States,
Juniper Cloud,Software,2009,226.91,667,United States,
Juniper Components,Manufacturing,2009,786.45,2662,United States,
Juniper Consulting,Professional services,1974,1713.25,9661,United States,
Juniper Data,Software,2018,8.49,41,United States,
Juniper Fiber,Telecommunications,1990,1005.77,7208,Germany,Meridian Collective
Juniper Health,Healthcare,2006,17.07,77,United States,
Juniper Industries,Manufacturing,2012,631.08,2406,Australia,Tallis Industries
Juniper Institute,Education,1987,7607.22,20997,United States,
Juniper Insurance,Financial services,2007,433.95,1145,United States,
Juniper Learning,Education,1982,2201.5,15715,Australia,
Juniper Market,Retail,2000,67.82,220,United States,
Juniper Partners,Professional services,2020,3901.31,17678,United States,
Juniper Software,Software,2015,15.37,41,United States,
Juniper Stores,Retail,1972,5840.16,17053,United States,
Juniper Works,Manufacturing,2002,61.11,184,United States,
Kestrel Advisors,Financial services,2003,807.33,2543,United Kingdom,
Kestrel Advisory,Professional services,1968,1579.71,8183,United States,
Kestrel Associates,Professional services,1991,3973.41,10044,Canada,
Kestrel Capital,Financial services,2020,414.48,1088,United States,
Kestrel Cloud,Software,1989,3190.8,15177,United Kingdom,Keystone Partners
Kestrel Components,Manufacturing,1978,20.56,67,United Kingdom,
Kestrel Consulting,Professional services,1973,1947.52,6778,United Kingdom,Tallis Industries
Kestrel Data,Software,1991,6.13,17,United States,
Kestrel Education,Education,2001,1970.55,5707,United States,
Kestrel Financial,Financial services,1990,11.08,92,United States,
Kestrel Goods,Retail,1967,18.89,78,United States,Northgate Holdings
Kestrel Group,Professional services,1977,9.81,27,United States,
Kestrel Health,Healthcare,2003,56.4,162,United States,
Kestrel Insurance,Financial services,1966,42.57,115,United Kingdom,
Kestrel Labs,Software,2016,21.2,106,United States,
Kestrel Lending,Financial services,2007,149.37,1144,Canada,
Kestrel Partners,Professional services,1986,8248.78,28761,United States,
Kestrel Retail,Retail,1973,9.38,47,United States,
Kestrel Systems,Software,1984,4608.37,13242,Canada,
Kestrel Wireless,Telecommunications,1972,4337.67,11068,United States,
Kestrel Works,Manufacturing,2016,2470.87,7991,United States,
Larkspur Academy,Education,1993,62.47,285,United States,
Larkspur Advisors,Financial services,1991,5.26,25,Germany,
Larkspur Components,Manufacturing,1989,42.51,113,Germany,
Larkspur Consulting,Professional services,1973,3820.38,26156,United States,
Larkspur Data,Software,1979,54.31,204,Australia,
Larkspur Education,Education,2002,375.37,958,United States,
Larkspur Fabrication,Manufacturing,1967,1550.76,4430,United States,
Larkspur Financial,Financial services,1988,108.18,695,Australia,
Larkspur Industries,Manufacturing,2016,12.82,79,United States,Brightwater Group
Larkspur Institute,Education,2003,142.47,504,United States,
Larkspur Insurance,Financial services,2018,938.42,2434,United States,Northgate Holdings
Larkspur Labs,Software,2016,11836.41,37795,United Kingdom,Keystone Partners
Larkspur Learning,Education,1971,43.15,274,United States,
Larkspur Manufacturing,Manufacturing,1965,98.7,259,United States,
Larkspur Retail,Retail,2009,730.69,2838,United States,
Larkspur Software,Software,2008,2800.47,7468,United States,Keystone Partners
Larkspur Stores,Retail,1982,10368.16,35729,United Kingdom,
Larkspur Systems,Software,1980,17.91,58,United States,
Lumen Academy,Education,2011,7.99,21,United States,
Lumen Advisors,Financial services,2019,4116.61,12142,United Kingdom,Brightwater Group
Lumen Communications,Telecommunications,1988,114.18,694,Germany,
Lumen Components,Manufacturing,1977,38.25,160,United States,
Lumen Consulting,Professional services,1988,139.44,701,United States,Meridian Collective
Lumen Data,Software,2002,20.89,66,United States,
Lumen Group,Professional services,1977,449.07,1522,United Kingdom,Tallis Industries
Lumen Learning,Education,2017,12.33,72,United Kingdom,
Lumen Lending,Financial services,1975,11029.38,31227,Canada,
Lumen Manufacturing,Manufacturing,2004,8.97,30,United States,
Lumen Outfitters,Retail,1987,6.45,26,United States,
Lumen Partners,Professional services,1989,217.19,565,United States,
Lumen Retail,Retail,1988,2441.95,7463,United Kingdom,
Lumen Systems,Software,1992,149.75,864,United States,
Marlowe Advisors,Financial services,2003,12621.14,37922,United States,
Marlowe Advisory,Professional services,2000,5.34,24,United Kingdom,
Marlowe Capital,Financial services,2018,920.12,3165,Japan,
Marlowe Communications,Telecommunications,2013,152.68,391,Australia,
Marlowe Diagnostics,Healthcare,2018,9424.41,35257,United States,
Marlowe Goods,Retail,2004,3710.52,16923,United States,
Marlowe Group,Professional services,2017,324.44,1325,United Kingdom,
Marlowe Health,Healthcare,1975,288.78,726,United States,
Marlowe Industries,Manufacturing,2015,506.12,3605,United Kingdom,
Marlowe Lending,Financial services,1982,5756.92,26852,Australia,
Marlowe Medical,Healthcare,2000,19.95,58,United States,
Marlowe Partners,Professional services,2019,75.09,314,United States,
Marlowe Software,Software,1981,135.48,663,United Kingdom,Meridian Collective
Marlowe Systems,Software,2007,72.72,215,United States,Keystone Partners
Marlowe Works,Manufacturing,2004,6.03,32,United States,Northgate Holdings
Nettle Associates,Professional services,1971,204.11,550,United Kingdom,
Nettle Capital,Financial services,2014,16.25,125,United States,
Nettle Cloud,Software,2015,1637.37,13333,Germany,Brightwater Group
Nettle Communications,Telecommunications,2009,10.51,28,United States,
Nettle Consulting,Professional services,2011,10.86,53,United States,
Nettle Data,Software,1996,12989.15,33467,United States,
Nettle Fiber,Telecommunications,1966,82.85,314,United States,
Nettle Financial,Financial services,1977,12.16,32,Canada,
Nettle Group,Professional services,2019,424.25,3029,Germany,
Nettle Health,Healthcare,1998,2702.2,9392,United States,
Nettle Labs,Software,2017,4.45,28,United States,
Nettle Market,Retail,1975,632.05,3458,United States,
Nettle Medical,Healthcare,2004,1302.48,4390,United States,
Nettle Outfitters,Retail,1995,298.68,767,United States,Keystone Partners
Nettle Retail,Retail,1998,5.68,27,Germany,
Nettle Systems,Software,2010,2147.69,8579,Germany,Halvorsen Capital
Nettle Telecom,Telecommunications,2011,241.22,983,United States,
Nettle Works,Manufacturing,2020,15180.46,39297,Brazil,
Northwind Advisors,Financial services,2007,337.9,1526,United States,Northgate Holdings
Northwind Advisory,Professional services,2018,8612.38,30595,United States,Tallis Industries
Northwind Associates,Professional services,1975,2285.07,8492,United States,
Northwind Capital,Financial services,1999,197.38,528,United States,Northgate Holdings
Northwind Clinics,Healthcare,1965,3453.73,11263,United States,Northgate Holdings
Northwind Communications,Telecommunications,2005,132.33,603,United States,
Northwind Data,Software,2000,10.76,57,Canada,
Northwind Diagnostics,Healthcare,1966,331.63,983,Germany,Halvorsen Capital
Northwind Education,Education,1996,23.44,139,United States,
Northwind Fabrication,Manufacturing,1983,532.73,3097,United Kingdom,
Northwind Fiber,Telecommunications,2005,5999.97,19393,United States,
Northwind Group,Professional services,1987,1092.96,4086,United States,Brightwater Group
Northwind Health,Healthcare,1983,9.68,49,United States,Tallis Industries
Northwind Institute,Education,2012,19.12,59,Germany,
Northwind Labs,Software,1967,1040.63,5014,United States,
Northwind Manufacturing,Manufacturing,1987,4705.74,14752,Australia,
Northwind Market,Retail,2019,69.59,187,Australia,
Northwind Medical,Healthcare,1993,3311.1,13136,Canada,
Northwind Software,Software,1976,12.6,36,United States,
Northwind Works,Manufacturing,1969,103.66,319,United States,
Oakmont Associates,Professional services,2002,2595.47,7345,United States,
Oakmont Capital,Financial services,2011,3719.47,12241,United States,
Oakmont Care,Healthcare,1986,801.77,3291,United States,Keystone Partners
Oakmont Clinics,Healthcare,2015,3886.75,12153,Canada,
Oakmont Data,Software,1999,1937.22,5126,Germany,
Oakmont Fabrication,Manufacturing,2003,718.54,2179,United Kingdom,
Oakmont Goods,Retail,1973,491.31,1280,United States,
Oakmont Health,Healthcare,1966,23.25,71,United States,
Oakmont Industries,Manufacturing,1985,201.89,702,United States,Brightwater Group
Oakmont Learning,Education,1988,163.59,640,United States,Tallis Industries
Oakmont Manufacturing,Manufacturing,1987,1401.29,4057,United States,
Oakmont Medical,Healthcare,2012,50.67,233,United States,
Oakmont Outfitters,Retail,1966,15.36,42,Australia,
Oakmont Systems,Software,1965,5.77,18,United States,
Oakmont Telecom,Telecommunications,1987,8.96,37,United States,
Orchard Advisors,Financial services,2002,11169.44,28596,Canada,
Orchard Advisory,Professional services,1965,68.58,184,United States,Northgate Holdings
Orchard Associates,Professional services,1970,4.59,20,Australia,
Orchard Clinics,Healthcare,2004,6130.17,31355,United States,
Orchard Diagnostics,Healthcare,1988,15.19,111,United States,
Orchard Fiber,Telecommunications,1995,227.4,1684,Canada,Halvorsen Capital
Orchard Health,Healthcare,2007,284.79,812,United States,
Orchard Labs,Software,1965,366.88,1259,Canada,
Orchard Lending,Financial services,1981,101.71,415,United States,
Orchard Manufacturing,Manufacturing,2020,5.83,40,Japan,
Orchard Medical,Healthcare,2002,1133.06,4392,United States,
Orchard Partners,Professional services,1973,27.83,93,Canada,Tallis Industries
Orchard Stores,Retail,2006,121.09,389,United States,
Orchard Telecom,Telecommunications,1969,6.09,21,United States,
Pinecrest Associates,Professional services,2002,196.0,505,United States,
Pinecrest Care,Healthcare,2012,177.28,581,United States,
Pinecrest Components,Manufacturing,1992,581.33,1494,Brazil,
Pinecrest Data,Software,1992,5.39,27,Brazil,
Pinecrest Financial,Financial services,2006,1949.15,5268,Japan,
Pinecrest Health,Healthcare,1979,44.38,326,United States,
Pinecrest Insurance,Financial services,2006,253.71,801,United States,
Pinecrest Labs,Software,1989,11233.3,38530,United States,
Pinecrest Lending,Financial services,1991,1991.91,11156,Canada,
Pinecrest Medical,Healthcare,2008,1128.97,4693,United Kingdom,
Pinecrest Networks,Telecommunications,2017,16.92,84,Germany,
Pinecrest Outfitters,Retail,1992,156.29,472,United Kingdom,
Pinecrest Retail,Retail,2010,26.83,98,Germany,Meridian Collective
Pinecrest Stores,Retail,1973,4706.41,17641,Canada,
Pinecrest Systems,Software,2020,536.48,2664,United States,
Pinecrest Telecom,Telecommunications,1974,78.75,650,United States,Halvorsen Capital
Pinecrest Works,Manufacturing,2014,3720.73,16763,United States,
Quarry Clinics,Healthcare,1996,673.27,1757,United States,
Quarry Communications,Telecommunications,2010,50.94,290,United States,Keystone Partners
Quarry Data,Software,1968,2599.88,14291,United States,Northgate Holdings
Quarry Goods,Retail,1982,51.28,417,United States,
Quarry Group,Professional services,2015,108.68,281,United Kingdom,
Quarry Industries,Manufacturing,1987,11.33,44,United States,
Quarry Insurance,Financial services,1971,37.4,117,United States,
Quarry Lending,Financial services,2013,266.03,1246,United Kingdom,
Quarry Manufacturing,Manufacturing,2009,48.9,149,United States,
Quarry Market,Retail,2018,497.08,3108,Canada,
Quarry Medical,Healthcare,2012,109.67,591,United States,
Quarry Retail,Retail,1980,681.65,1774,United States,
Quarry Schools,Education,1985,18.96,50,United States,
Quarry Stores,Retail,1976,33.57,109,United States,
Quarry Systems,Software,1980,750.7,2699,United States,
Quarry Works,Manufacturing,2005,373.88,1271,United States,
Ravenna Academy,Education,2005,2519.96,9466,Canada,
Ravenna Advisors,Financial services,2009,6.25,25,United States,
Ravenna Advisory,Professional services,1978,12.03,76,United States,
Ravenna Care,Healthcare,1991,14.52,56,Canada,
Ravenna Communications,Telecommunications,1969,150.62,1018,United States,
Ravenna Diagnostics,Healthcare,1975,7.34,49,United Kingdom,
Ravenna Financial,Financial services,1970,53.16,187,Brazil,
Ravenna Health,Healthcare,1990,5216.34,18741,United States,
Ravenna Industries,Manufacturing,1976,27.03,85,United States,
Ravenna Labs,Software,1984,776.16,2283,United States,
Ravenna Lending,Financial services,1967,2521.55,19643,Germany,
Ravenna Medical,Healthcare,1979,534.24,1553,Australia,
Ravenna Partners,Professional services,1976,9639.69,30752,United States,
Ravenna Stores,Retail,1985,1157.57,3061,United States,
Ravenna Systems,Software,1990,3932.59,16247,United States,
Ravenna Wireless,Telecommunications,1973,483.79,1930,United States,
Ravenna Works,Manufacturing,1981,121.34,982,United States,
Redfield Capital,Financial services,1988,133.86,581,United States,
Redfield Cloud,Software,1982,3984.99,24621,United States,Halvorsen Capital
Redfield Data,Software,1967,25.42,166,United States,
Redfield Fiber,Telecommunications,1986,3074.2,16395,United States,Keystone Partners
Redfield Financial,Financial services,1999,2251.23,5704,United States,
Redfield Goods,Retail,2012,200.17,557,Canada,
Redfield Health,Healthcare,1988,5035.74,14700,Brazil,
Redfield Industries,Manufacturing,1975,914.17,2919,Australia,Northgate Holdings
Redfield Learning,Education,1968,1351.67,3722,Australia,
Redfield Medical,Healthcare,2003,10193.35,33290,United States,
Redfield Networks,Telecommunications,1967,1163.3,7321,United States,Keystone Partners
Redfield Outfitters,Retail,2001,776.96,2731,United States,
Redfield Software,Software,1991,6.39,18,United States,
Redfield Wireless,Telecommunications,2001,653.33,1841,United States,
Redfield Works,Manufacturing,2009,21.92,80,United States,
Riverton Academy,Education,1965,871.84,2296,United States,
Riverton Advisory,Professional services,1974,440.41,1879,United States,
Riverton Clinics,Healthcare,2011,8021.89,33793,United States,
Riverton Cloud,Software,2004,38.81,142,United States,
Riverton Communications,Telecommunications,2013,186.4,732,Brazil,Keystone Partners
Riverton Components,Manufacturing,2014,611.61,1678,United States,
Riverton Fabrication,Manufacturing,1974,77.47,461,United States,
Riverton Financial,Financial services,1998,6.58,24,United States,
Riverton Goods,Retail,2015,647.03,3022,United States,
Riverton Health,Healthcare,2017,32.08,185,United States,Brightwater Group
Riverton Insurance,Financial services,2008,68.19,186,United States,Halvorsen Capital
Riverton Labs,Software,2014,7942.56,32841,United States,
Riverton Lending,Financial services,1966,4692.39,23171,United States,
Riverton Manufacturing,Manufacturing,2020,1933.29,6928,United States,
Riverton Outfitters,Retail,1996,857.03,4068,United States,
Riverton Partners,Professional services,1995,849.6,6070,United States,Halvorsen Capital
Riverton Retail,Retail,1991,922.24,3275,Canada,
Riverton Schools,Education,1976,110.25,398,United States,
Riverton Stores,Retail,1992,242.15,789,United States,
Riverton Systems,Software,1978,1228.14,5848,United States,
Saltmarsh Advisory,Professional services,2001,153.67,797,United Kingdom,
Saltmarsh Care,Healthcare,1972,311.18,1999,United States,
Saltmarsh Consulting,Professional services,2005,5433.33,30910,United Kingdom,Meridian Collective
Saltmarsh Diagnostics,Healthcare,1989,2467.39,7871,United Kingdom,
Saltmarsh Labs,Software,1987,9.21,54,United States,
Saltmarsh Lending,Financial services,2006,4140.27,13378,United States,
Saltmarsh Networks,Telecommunications,1975,86.3,308,United States,Meridian Collective
Saltmarsh Outfitters,Retail,1970,120.97,390,Japan,
Saltmarsh Schools,Education,2014,1182.66,5350,United Kingdom,
Saltmarsh Software,Software,2003,1755.84,5655,United States,Northgate Holdings
Saltmarsh Systems,Software,2011,4025.03,28248,Japan,
Saltmarsh Wireless,Telecommunications,1974,18.7,62,United States,Brightwater Group
Silverbrook Advisory,Professional services,2004,474.75,1353,United States,
Silverbrook Care,Healthcare,1992,6.21,32,Australia,
Silverbrook Clinics,Healthcare,1971,1613.12,4109,United States,
Silverbrook Cloud,Software,1993,29.93,216,United States,
Silverbrook Fiber,Telecommunications,1997,12.13,42,United Kingdom,Halvorsen Capital
Silverbrook Health,Healthcare,1991,9088.7,35458,Germany,
Silverbrook Industries,Manufacturing,1991,1591.48,6718,Canada,Halvorsen Capital
Silverbrook Insurance,Financial services,1976,177.46,518,United States,
Silverbrook Partners,Professional services,1996,4.16,23,Germany,Northgate Holdings
Silverbrook Schools,Education,1965,6514.9,19827,United States,
Silverbrook Stores,Retail,1986,397.2,1337,United States,
Silverbrook Systems,Software,1976,321.85,2113,United States,
Silverbrook Telecom,Telecommunications,2005,69.5,253,United States,
Stonebridge Academy,Education,1976,6.99,43,United States,Brightwater Group
Stonebridge Advisors,Financial services,1976,129.02,386,United States,Halvorsen Capital
Stonebridge Advisory,Professional services,1969,2883.11,10356,United States,Tallis Industries
Stonebridge Capital,Financial services,2016,454.71,2216,United States,Northgate Holdings
Stonebridge Clinics,Healthcare,1990,398.74,1127,Australia,
Stonebridge Cloud,Software,2014,486.26,2299,United States,Brightwater Group
Stonebridge Communications,Telecommunications,1985,536.55,2763,United States,Meridian Collective
Stonebridge Consulting,Professional services,2020,1814.04,8611,United Kingdom,
Stonebridge Data,Software,1974,6.09,18,Canada,
Stonebridge Diagnostics,Healthcare,1985,10329.86,32570,United States,
Stonebridge Fabrication,Manufacturing,2001,16.43,47,Australia,Keystone Partners
Stonebridge Fiber,Telecommunications,1977,45.45,235,United States,Brightwater Group
Stonebridge Group,Professional services,1969,65.99,170,United States,
Stonebridge Health,Healthcare,1984,647.12,1648,United States,
Stonebridge Industries,Manufacturing,1984,39.65,136,United Kingdom,
Stonebridge Institute,Education,1982,1650.89,5704,Japan,Northgate Holdings
Stonebridge Learning,Education,2020,19.39,59,United States,
Stonebridge Lending,Financial services,1994,1185.29,3817,United States,Halvorsen Capital
Stonebridge Manufacturing,Manufacturing,2019,2.63,18,United States,Tallis Industries
Stonebridge Market,Retail,2002,79.48,374,United States,
Stonebridge Software,Software,1979,6.91,48,United States,
Stonebridge Telecom,Telecommunications,1983,17.13,83,United States,
Stonebridge Wireless,Telecommunications,2003,83.38,415,United States,
Summit Advisory,Professional services,1993,1842.71,6496,United States,
Summit Associates,Professional services,2012,34.85,172,United States,Keystone Partners
Summit Care,Healthcare,1969,3.85,16,United States,
Summit Clinics,Healthcare,1976,21.05,56,United States,
Summit Components,Manufacturing,2007,14.96,61,Australia,
Summit Consulting,Professional services,1966,10.17,27,Canada,
Summit Data,Software,1966,2302.98,17213,United States,
Summit Fabrication,Manufacturing,1988,359.36,1233,United States,
Summit Fiber,Telecommunications,2017,7.54,28,United States,
Summit Learning,Education,1965,12.5,38,United Kingdom,
Summit Manufacturing,Manufacturing,1996,282.7,2271,United States,
Summit Market,Retail,1965,22.27,98,Australia,Tallis Industries
Summit Outfitters,Retail,1982,150.0,1195,United States,
Summit Partners,Professional services,1988,4.34,16,United States,
Summit Retail,Retail,2010,398.3,1504,United States,
Summit Systems,Software,2003,6.83,51,United States,
Summit Works,Manufacturing,1989,54.01,144,United States,
Thornbury Capital,Financial services,1983,2241.68,9728,United States,Northgate Holdings
Thornbury Clinics,Healthcare,2017,69.92,274,United States,
Thornbury Cloud,Software,1999,323.82,860,United States,Brightwater Group
Thornbury Components,Manufacturing,2013,19.74,81,United States,
Thornbury Education,Education,2020,41.53,111,United States,Brightwater Group
Thornbury Fabrication,Manufacturing,2007,228.82,901,United States,Keystone Partners
Thornbury Health,Healthcare,2003,7936.13,27517,United States,
Thornbury Industries,Manufacturing,1978,30.68,130,United States,
Thornbury Labs,Software,1972,266.71,1001,United States,
Thornbury Learning,Education,1992,166.05,684,United States,
Thornbury Lending,Financial services,1969,463.63,1452,United States,
Thornbury Manufacturing,Manufacturing,1980,261.17,1782,United States,
Thornbury Medical,Healthcare,2017,323.1,909,United States,Halvorsen Capital
Thornbury Networks,Telecommunications,2006,5.53,37,United States,
Thornbury Partners,Professional services,1991,250.8,1069,United States,
Thornbury Systems,Software,2000,8.29,31,United States,Brightwater Group
Thornbury Telecom,Telecommunications,2009,6.87,39,United States,
Thornbury Works,Manufacturing,2002,1761.28,7015,United Kingdom,
Upland Advisory,Professional services,1981,49.54,164,United States,
Upland Care,Healthcare,1993,880.82,3648,United States,
Upland Data,Software,2007,6.52,53,United States,
Upland Education,Education,2001,12408.38,34676,United States,
Upland Fabrication,Manufacturing,2005,15.46,41,Germany,
Upland Financial,Financial services,1996,1866.39,10414,United States,
Upland Industries,Manufacturing,1980,1110.24,6480,United States,Tallis Industries
Upland Institute,Education,1999,226.09,806,Canada,
Upland Insurance,Financial services,1977,7977.61,20634,United States,
Upland Lending,Financial services,2011,31.23,239,United States,Meridian Collective
Upland Market,Retail,1968,2044.8,10314,Canada,
Upland Partners,Professional services,2015,9626.97,27104,United States,
Upland Retail,Retail,1975,156.34,649,United States,Meridian Collective
Upland Schools,Education,2005,1227.14,5554,United States,
Upland Systems,Software,2001,4.59,20,United States,
Vantage Advisory,Professional services,1986,5554.73,24280,Canada,
Vantage Associates,Professional services,2014,939.69,2704,United States,
Vantage Capital,Financial services,1983,689.99,3775,United Kingdom,
Vantage Clinics,Healthcare,1999,7.8,26,United States,
Vantage Components,Manufacturing,1999,8.16,39,United States,
Vantage Education,Education,1999,266.44,674,Canada,Brightwater Group
Vantage Fabrication,Manufacturing,1980,56.16,227,United States,Northgate Holdings
Vantage Financial,Financial services,1993,163.01,429,Germany,
Vantage Labs,Software,1979,416.17,1564,United States,
Vantage Lending,Financial services,2003,15.15,48,Germany,
Vantage Market,Retail,2006,182.85,531,United States,
Vantage Medical,Healthcare,2012,175.1,662,United States,
Vantage Partners,Professional services,2008,2286.36,8098,United States,
Vantage Schools,Education,1969,10389.33,28279,United States,
Vantage Software,Software,1984,8006.54,22656,United States,
Vantage Systems,Software,1993,1022.65,2579,United States,
Vantage Telecom,Telecommunications,1992,414.25,1042,United States,
Westmark Advisory,Professional services,2000,95.93,375,United States,
Westmark Capital,Financial services,1977,111.91,302,United States,
Westmark Care,Healthcare,2019,14.22,87,United States,
Westmark Data,Software,2006,12244.89,30729,United States,
Westmark Fabrication,Manufacturing,2016,100.09,669,United States,
Westmark Financial,Financial services,2003,180.35,796,United States,
Westmark Health,Healthcare,1969,8386.7,37684,United States,
Westmark Institute,Education,1997,7.74,28,United States,
Westmark Insurance,Financial services,1972,909.9,3662,United Kingdom,
Westmark Labs,Software,1966,72.54,300,United States,
Westmark Lending,Financial services,1987,363.75,1992,United States,
Westmark Market,Retail,2015,271.65,840,Brazil,
Westmark Partners,Professional services,2006,6930.43,20598,United States,
Westmark Software,Software,1984,362.84,1568,United States,Halvorsen Capital
Westmark Systems,Software,2002,819.62,3618,United States,
Westmark Works,Manufacturing,2006,3312.58,8982,United States,
Willowby Academy,Education,2004,3488.92,14540,United States,
Willowby Care,Healthcare,2009,13.39,51,United States,
Willowby Cloud,Software,2013,5867.92,28762,United States,
Willowby Communications,Telecommunications,1979,14.61,51,United States,
Willowby Components,Manufacturing,2002,164.17,704,United States,Meridian Collective
Willowby Consulting,Professional services,2000,5.97,30,Canada,Keystone Partners
Willowby Fabrication,Manufacturing,1996,3400.92,13774,United Kingdom,
Willowby Fiber,Telecommunications,2008,2747.74,8114,United States,
Willowby Financial,Financial services,2011,6058.01,22927,United States,
Willowby Health,Healthcare,1982,19.41,103,United States,
Willowby Insurance,Financial services,2004,10194.9,26349,United States,
Willowby Labs,Software,2009,767.13,2363,United States,
Willowby Learning,Education,1993,6550.88,37341,United States,
Willowby Lending,Financial services,1998,49.54,275,United States,
Willowby Outfitters,Retail,2002,1950.82,14232,Germany,
Willowby Software,Software,1996,1194.37,5399,United States,
Willowby Stores,Retail,1996,131.62,444,Canada,Halvorsen Capital
Willowby Works,Manufacturing,1991,8.89,43,United States,
Yardley Advisors,Financial services,1973,4295.2,16492,United States,Northgate Holdings
Yardley Advisory,Professional services,1980,106.87,465,United Kingdom,
Yardley Capital,Financial services,2016,5589.91,15337,United States,
Yardley Clinics,Healthcare,1972,5.44,44,United States,
Yardley Cloud,Software,2017,671.29,5044,United States,Keystone Partners
Yardley Consulting,Professional services,2000,1217.52,6126,United States,
Yardley Data,Software,2004,358.87,2806,United States,
Yardley Diagnostics,Healthcare,2005,9.85,31,United States,Halvorsen Capital
Yardley Education,Education,1993,3.89,22,United States,
Yardley Fabrication,Manufacturing,1970,12046.0,35519,United States,
Yardley Financial,Financial services,1970,4.5,33,United States,
Yardley Group,Professional services,2017,731.74,3407,United States,
Yardley Health,Healthcare,2018,257.08,761,Germany,
Yardley Lending,Financial services,1971,138.84,417,Germany,
Yardley Medical,Healthcare,1970,4.35,19,United States,
Yardley Outfitters,Retail,2003,1059.35,4836,United States,Tallis Industries
Yardley Partners,Professional services,1997,55.35,173,Japan,
Yardley Retail,Retail,2008,1480.28,6115,United States,
Yardley Schools,Education,1992,72.8,429,United States,Halvorsen Capital
Yardley Systems,Software,2002,8.13,30,Germany,Tallis Industries
Yardley Works,Manufacturing,2020,919.74,3018,United States,
Zephyr Academy,Education,2012,87.67,422,United States,Brightwater Group
Zephyr Advisory,Professional services,1998,141.98,399,United States,
Zephyr Capital,Financial services,1967,24.6,76,United States,
Zephyr Care,Healthcare,1987,366.64,1674,United States,
Zephyr Communications,Telecommunications,1992,170.92,564,United States,Brightwater Group
Zephyr Components,Manufacturing,1970,15.3,44,United States,Keystone Partners
Zephyr Consulting,Professional services,1991,15.49,39,United States,
Zephyr Data,Software,2012,7959.53,31582,United States,Halvorsen Capital
Zephyr Diagnostics,Healthcare,2001,199.63,625,United States,
Zephyr Fiber,Telecommunications,1996,205.24,767,United States,
Zephyr Goods,Retail,2006,571.59,1699,United States,
Zephyr Industries,Manufacturing,2011,28.35,94,United States,Tallis Industries
Zephyr Lending,Financial services,1983,1751.69,12164,Germany,
Zephyr Market,Retail,2017,3347.84,23526,United States,
Zephyr Medical,Healthcare,2014,15.18,41,United States,
Zephyr Retail,Retail,1986,129.34,433,United Kingdom,
Zephyr Software,Software,2019,7425.85,20369,United States,
Zephyr Wireless,Telecommunications,2008,4022.72,14577,Germany,
Zephyr Works,Manufacturing,1969,2124.23,10098,United States,
